{"_step": 1598, "_runtime": 67716.57684874535, "Average_100": -98.18473278331638, "_timestamp": 1593584949.5639956, "Reward": -120.6922604476641, "Steps": 1000}
