{"Average_100": -634.8408450457389, "_timestamp": 1593567981.5388415, "_runtime": 409.7409040927887, "_step": 29, "Epsode": 9, "Reward": -239.61614994763866, "Steps": 126}
