{"_step": 71, "_runtime": 4383.9874448776245, "Average_100": -185.60417067633117, "_timestamp": 1593503889.225333, "Reward": -122.73970999311568, "Steps": 145}
