{"_step": 2999, "_timestamp": 1593561700.2317228, "_runtime": 15773.62062573433, "Average_100": -215.1869938101029, "Reward": -134.34002359014355, "Steps": 73}
