{"_step": 2999, "_runtime": 25348.7339553833, "_timestamp": 1593542907.4562216, "Average_100": -138.2548257429047, "Reward": -126.56535501056777, "Steps": 83}
