{"Average_100": -173.34964930636528, "_timestamp": 1593585043.8471725, "_step": 1460, "_runtime": 67373.31622743607, "Reward": -142.41703208452753, "Steps": 93}
