{"Average_100": -137.82749834184335, "_runtime": 67413.30043745041, "_step": 1427, "_timestamp": 1593585062.2080274, "Reward": -89.97915685164507, "Steps": 1000}
