{"Average_100": -149.67637527488702, "_step": 35, "_timestamp": 1593499153.5504973, "_runtime": 51.43868064880371, "Reward": 14.543687665082388, "Steps": 101}
