{"Average_100": -107.4779285131859, "_step": 1445, "_runtime": 67289.09755563736, "_timestamp": 1593584977.2519186, "Reward": -504.80293949792303, "Steps": 87}
