{"_step": 2999, "Average_100": -188.16933855980966, "_runtime": 62324.654022455215, "_timestamp": 1593580113.1621418, "Reward": -391.0341256752084, "Steps": 342}
