{"Average_100": -135.1990890117371, "_timestamp": 1593585041.1893659, "_runtime": 68236.56242012978, "_step": 1310, "Reward": -124.44849473766246, "Steps": 1000}
