{"Average_100": -234.31127616323207, "_step": 2999, "_runtime": 56092.84636378288, "_timestamp": 1593573859.515435, "Reward": -278.5549437836488, "Steps": 312}
