{"_step": 464, "Average_100": -192.0336809744193, "_runtime": 37766.47049951553, "_timestamp": 1593584873.927044, "Reward": -37.407316046504384, "Epsode": 154, "Steps": 500}
