{"_step": 416, "_timestamp": 1593584924.6910467, "Average_100": -105.84293683748716, "_runtime": 16518.59374809265, "Epsode": 138, "Reward": 36.21255488157973, "Steps": 1000}
